feature_path,video_name,num_frames,feature_dim,mean,std,min,max,entropy,has_nan,has_inf,low_variance,status
./data/features_v3\test\UCF-Crime\Abuse\Abuse001_x264.npy,Abuse001_x264.npy,910,960,0.2125936895608902,0.4375663101673126,-0.2378716766834259,4.966240882873535,6.085161522252869,False,False,False,OK
./data/features_v3\test\UCF-Crime\Abuse\Abuse002_x264.npy,Abuse002_x264.npy,289,960,0.13156569004058838,0.34592145681381226,-0.2483903169631958,4.762272357940674,5.8256186086027455,False,False,False,OK
./data/features_v3\test\UCF-Crime\Abuse\Abuse003_x264.npy,Abuse003_x264.npy,1233,960,0.14570334553718567,0.40834367275238037,-0.3025182783603668,5.443347930908203,6.036135974257786,False,False,False,OK
./data/features_v3\test\UCF-Crime\Abuse\Abuse004_x264.npy,Abuse004_x264.npy,5598,960,0.20324449241161346,0.4502600431442261,-0.2804841101169586,4.166278839111328,6.071516362380507,False,False,False,OK
./data/features_v3\test\UCF-Crime\Abuse\Abuse005_x264.npy,Abuse005_x264.npy,317,960,0.19625425338745117,0.4096927344799042,-0.29731231927871704,4.610896587371826,6.093974346597019,False,False,False,OK
./data/features_v3\test\UCF-Crime\Abuse\Abuse006_x264.npy,Abuse006_x264.npy,1460,960,0.2113514393568039,0.3772653341293335,-0.2762281000614166,4.109157562255859,6.157678470136435,False,False,False,OK
./data/features_v3\test\UCF-Crime\Abuse\Abuse007_x264.npy,Abuse007_x264.npy,384,960,0.14230982959270477,0.38240787386894226,-0.3579947054386139,4.029202938079834,6.0262265253054155,False,False,False,OK
./data/features_v3\test\UCF-Crime\Abuse\Abuse008_x264.npy,Abuse008_x264.npy,2802,960,0.16886116564273834,0.3985563814640045,-0.2576066851615906,4.743659019470215,6.108224180300016,False,False,False,OK
./data/features_v3\test\UCF-Crime\Abuse\Abuse009_x264.npy,Abuse009_x264.npy,334,960,0.12679849565029144,0.3521736264228821,-0.3614308536052704,4.714292049407959,6.150412527762862,False,False,False,OK
./data/features_v3\test\UCF-Crime\Abuse\Abuse010_x264.npy,Abuse010_x264.npy,378,960,0.19533322751522064,0.41516661643981934,-0.27313879132270813,4.565277576446533,6.0317710256581645,False,False,False,OK
./data/features_v3\test\UCF-Crime\Arrest\Arrest001_x264.npy,Arrest001_x264.npy,792,960,0.1481269747018814,0.39033812284469604,-0.26417917013168335,4.396848201751709,5.910039799452325,False,False,False,OK
./data/features_v3\test\UCF-Crime\Arrest\Arrest002_x264.npy,Arrest002_x264.npy,597,960,0.119990274310112,0.3185326159000397,-0.3611624836921692,4.713522911071777,6.170638233275782,False,False,False,OK
./data/features_v3\test\UCF-Crime\Arrest\Arrest003_x264.npy,Arrest003_x264.npy,1018,960,0.2295636385679245,0.43313005566596985,-0.2609449326992035,4.000637531280518,6.101186443551956,False,False,False,OK
./data/features_v3\test\UCF-Crime\Arrest\Arrest004_x264.npy,Arrest004_x264.npy,1201,960,0.19916756451129913,0.4032820463180542,-0.2509489953517914,4.294278621673584,6.073303059757953,False,False,False,OK
./data/features_v3\test\UCF-Crime\Arrest\Arrest005_x264.npy,Arrest005_x264.npy,1229,960,0.20761005580425262,0.4251115024089813,-0.3009197413921356,4.953658103942871,5.999495281459356,False,False,False,OK
./data/features_v3\test\UCF-Crime\Arrest\Arrest006_x264.npy,Arrest006_x264.npy,1030,960,0.1614820510149002,0.392845094203949,-0.3561802804470062,4.741288661956787,6.072573791512042,False,False,False,OK
./data/features_v3\test\UCF-Crime\Arrest\Arrest007_x264.npy,Arrest007_x264.npy,1048,960,0.13758136332035065,0.3782190680503845,-0.35296475887298584,5.297884464263916,6.050200596256152,False,False,False,OK
./data/features_v3\test\UCF-Crime\Arrest\Arrest008_x264.npy,Arrest008_x264.npy,2130,960,0.1255447417497635,0.3886723816394806,-0.3471895456314087,5.271244049072266,5.877777057176252,False,False,False,OK
./data/features_v3\test\UCF-Crime\Arrest\Arrest009_x264.npy,Arrest009_x264.npy,571,960,0.13628537952899933,0.35750705003738403,-0.24632465839385986,4.331226825714111,6.0600885786046375,False,False,False,OK
./data/features_v3\test\UCF-Crime\Arrest\Arrest010_x264.npy,Arrest010_x264.npy,874,960,0.19696159660816193,0.42795267701148987,-0.29491445422172546,5.104637145996094,6.03074924907215,False,False,False,OK
./data/features_v3\test\UCF-Crime\Arson\Arson001_x264.npy,Arson001_x264.npy,1396,960,0.1603214293718338,0.3931480646133423,-0.3538963794708252,4.813755035400391,6.035699553994947,False,False,False,OK
./data/features_v3\test\UCF-Crime\Arson\Arson002_x264.npy,Arson002_x264.npy,1480,960,0.16006791591644287,0.4179065227508545,-0.3137343227863312,6.092635154724121,5.923948069472089,False,False,False,OK
./data/features_v3\test\UCF-Crime\Arson\Arson003_x264.npy,Arson003_x264.npy,1338,960,0.11381713300943375,0.35033735632896423,-0.3278171718120575,5.179971694946289,6.177162166943224,False,False,False,OK
./data/features_v3\test\UCF-Crime\Arson\Arson005_x264.npy,Arson005_x264.npy,392,960,0.06084858253598213,0.3055613934993744,-0.32635724544525146,2.9641530513763428,6.268320287731199,False,False,False,OK
./data/features_v3\test\UCF-Crime\Arson\Arson006_x264.npy,Arson006_x264.npy,939,960,0.06366243958473206,0.3201092779636383,-0.3611624836921692,6.604635238647461,6.128636457030174,False,False,False,OK
./data/features_v3\test\UCF-Crime\Arson\Arson007_x264.npy,Arson007_x264.npy,2084,960,0.15360857546329498,0.39115169644355774,-0.2934301197528839,4.787299156188965,6.094257179182531,False,False,False,OK
./data/features_v3\test\UCF-Crime\Arson\Arson008_x264.npy,Arson008_x264.npy,407,960,0.16369621455669403,0.40588048100471497,-0.3393884003162384,5.531436443328857,6.085326055398343,False,False,False,OK
./data/features_v3\test\UCF-Crime\Arson\Arson009_x264.npy,Arson009_x264.npy,248,960,0.14558887481689453,0.40548545122146606,-0.3144077956676483,5.822134971618652,6.017963151707422,False,False,False,OK
./data/features_v3\test\UCF-Crime\Arson\Arson010_x264.npy,Arson010_x264.npy,1053,960,0.10883074998855591,0.34191781282424927,-0.3615391254425049,5.656897068023682,6.030440634180271,False,False,False,OK
./data/features_v3\test\UCF-Crime\Arson\Arson011_x264.npy,Arson011_x264.npy,422,960,0.17759603261947632,0.3930268883705139,-0.32537642121315,7.229246616363525,6.172789292497811,False,False,False,OK
./data/features_v3\test\UCF-Crime\Assault\Assault001_x264.npy,Assault001_x264.npy,829,960,0.14927642047405243,0.37835973501205444,-0.36199796199798584,5.4190802574157715,6.0747514195224435,False,False,False,OK
./data/features_v3\test\UCF-Crime\Assault\Assault002_x264.npy,Assault002_x264.npy,841,960,0.20491555333137512,0.40729063749313354,-0.2589660584926605,4.536696434020996,6.107936266318455,False,False,False,OK
./data/features_v3\test\UCF-Crime\Assault\Assault003_x264.npy,Assault003_x264.npy,1481,960,0.22645793855190277,0.4276392459869385,-0.29059284925460815,4.7495856285095215,6.098497068150694,False,False,False,OK
./data/features_v3\test\UCF-Crime\Assault\Assault004_x264.npy,Assault004_x264.npy,1075,960,0.1594453603029251,0.37383347749710083,-0.31026995182037354,4.267734527587891,6.09305837122073,False,False,False,OK
./data/features_v3\test\UCF-Crime\Assault\Assault005_x264.npy,Assault005_x264.npy,406,960,0.18178515136241913,0.3921527862548828,-0.26246631145477295,4.439198017120361,6.116953930283672,False,False,False,OK
./data/features_v3\test\UCF-Crime\Assault\Assault006_x264.npy,Assault006_x264.npy,2699,960,0.2706248164176941,0.44376441836357117,-0.3612020015716553,6.236367225646973,6.12687084333521,False,False,False,OK
./data/features_v3\test\UCF-Crime\Assault\Assault007_x264.npy,Assault007_x264.npy,651,960,0.2071678787469864,0.4451187252998352,-0.34946802258491516,6.007573127746582,6.010254574284529,False,False,False,OK
./data/features_v3\test\UCF-Crime\Assault\Assault008_x264.npy,Assault008_x264.npy,2512,960,0.2705787718296051,0.4303514063358307,-0.2641620934009552,4.2881035804748535,6.155296596503776,False,False,False,OK
./data/features_v3\test\UCF-Crime\Assault\Assault009_x264.npy,Assault009_x264.npy,1200,960,0.2492222785949707,0.430698424577713,-0.2640227973461151,4.221843242645264,6.114592508846189,False,False,False,OK
./data/features_v3\test\UCF-Crime\Assault\Assault010_x264.npy,Assault010_x264.npy,5393,960,0.23889388144016266,0.4519859850406647,-0.3075454533100128,4.984658241271973,6.080892080296227,False,False,False,OK
./data/features_v3\test\UCF-Crime\Burglary\Burglary001_x264.npy,Burglary001_x264.npy,1323,960,0.14528055489063263,0.3652777075767517,-0.34777069091796875,4.450547218322754,6.075234811254946,False,False,False,OK
./data/features_v3\test\UCF-Crime\Burglary\Burglary002_x264.npy,Burglary002_x264.npy,1022,960,0.21153445541858673,0.44063544273376465,-0.2622261345386505,3.774686336517334,6.149552995264055,False,False,False,OK
./data/features_v3\test\UCF-Crime\Burglary\Burglary003_x264.npy,Burglary003_x264.npy,391,960,0.19938340783119202,0.4368966817855835,-0.2743475139141083,4.073021411895752,6.018094042242282,False,False,False,OK
./data/features_v3\test\UCF-Crime\Burglary\Burglary004_x264.npy,Burglary004_x264.npy,596,960,0.23994386196136475,0.4411349594593048,-0.27014073729515076,4.150269985198975,6.114745431822041,False,False,False,OK
./data/features_v3\test\UCF-Crime\Burglary\Burglary005_x264.npy,Burglary005_x264.npy,2577,960,0.19035765528678894,0.391304612159729,-0.30980947613716125,4.1725945472717285,6.050045504826559,False,False,False,OK
./data/features_v3\test\UCF-Crime\Burglary\Burglary006_x264.npy,Burglary006_x264.npy,2979,960,0.15129828453063965,0.3541976511478424,-0.265240877866745,3.652324676513672,6.075620029086949,False,False,False,OK
./data/features_v3\test\UCF-Crime\Burglary\Burglary007_x264.npy,Burglary007_x264.npy,362,960,0.2116047888994217,0.4030190110206604,-0.28387582302093506,4.880977630615234,6.051280522756342,False,False,False,OK
./data/features_v3\test\UCF-Crime\Burglary\Burglary008_x264.npy,Burglary008_x264.npy,1640,960,0.12674480676651,0.3986031711101532,-0.3546977639198303,5.948339462280273,6.028150777524057,False,False,False,OK
./data/features_v3\test\UCF-Crime\Burglary\Burglary009_x264.npy,Burglary009_x264.npy,853,960,0.18319444358348846,0.37638071179389954,-0.2513391077518463,4.154870986938477,6.03064288123321,False,False,False,OK
./data/features_v3\test\UCF-Crime\Burglary\Burglary010_x264.npy,Burglary010_x264.npy,1963,960,0.2528816759586334,0.4547044336795807,-0.34354734420776367,5.2219953536987305,6.1006860500808715,False,False,False,OK
./data/features_v3\test\UCF-Crime\Explosion\Explosion001_x264.npy,Explosion001_x264.npy,212,960,0.057256411761045456,0.3777993321418762,-0.3390079438686371,7.809706211090088,6.104645477286359,False,False,False,OK
./data/features_v3\test\UCF-Crime\Explosion\Explosion002_x264.npy,Explosion002_x264.npy,1338,960,0.16073651611804962,0.3895612061023712,-0.36723998188972473,5.524579048156738,6.040537445824531,False,False,False,OK
./data/features_v3\test\UCF-Crime\Explosion\Explosion003_x264.npy,Explosion003_x264.npy,192,960,0.13702437281608582,0.3675096333026886,-0.29545676708221436,4.372376441955566,6.013294670752948,False,False,False,OK
./data/features_v3\test\UCF-Crime\Explosion\Explosion004_x264.npy,Explosion004_x264.npy,634,960,0.1628313809633255,0.37989896535873413,-0.305924654006958,5.215901851654053,6.113019138776939,False,False,False,OK
./data/features_v3\test\UCF-Crime\Explosion\Explosion005_x264.npy,Explosion005_x264.npy,231,960,0.1486397534608841,0.3911324143409729,-0.33646315336227417,6.048772811889648,5.938878785257964,False,False,False,OK
./data/features_v3\test\UCF-Crime\Explosion\Explosion006_x264.npy,Explosion006_x264.npy,640,960,0.1172381341457367,0.3356742262840271,-0.27630236744880676,3.5685911178588867,6.058734455743401,False,False,False,OK
./data/features_v3\test\UCF-Crime\Explosion\Explosion007_x264.npy,Explosion007_x264.npy,5430,960,0.1212291270494461,0.3671371042728424,-0.3123180568218231,7.232436656951904,6.121948014281716,False,False,False,OK
./data/features_v3\test\UCF-Crime\Explosion\Explosion008_x264.npy,Explosion008_x264.npy,583,960,0.12460694462060928,0.4034152030944824,-0.31811800599098206,6.317076206207275,5.950114828496378,False,False,False,OK
./data/features_v3\test\UCF-Crime\Explosion\Explosion009_x264.npy,Explosion009_x264.npy,367,960,0.14514140784740448,0.3966810703277588,-0.3615090250968933,5.85880708694458,6.012673352731953,False,False,False,OK
./data/features_v3\test\UCF-Crime\Explosion\Explosion010_x264.npy,Explosion010_x264.npy,833,960,0.13985775411128998,0.3692488968372345,-0.35344070196151733,4.844836711883545,6.109204798890403,False,False,False,OK
./data/features_v3\test\UCF-Crime\Fighting\Fighting002_x264.npy,Fighting002_x264.npy,896,960,0.16471177339553833,0.4067297577857971,-0.2669386863708496,3.6707475185394287,6.052613214165878,False,False,False,OK
./data/features_v3\test\UCF-Crime\Fighting\Fighting003_x264.npy,Fighting003_x264.npy,1034,960,0.2636173367500305,0.4694186747074127,-0.2551085650920868,5.190918445587158,6.083873290014327,False,False,False,OK
./data/features_v3\test\UCF-Crime\Fighting\Fighting004_x264.npy,Fighting004_x264.npy,5593,960,0.1757698655128479,0.41393154859542847,-0.2893359065055847,5.012601852416992,6.106818318047991,False,False,False,OK
./data/features_v3\test\UCF-Crime\Fighting\Fighting005_x264.npy,Fighting005_x264.npy,595,960,0.19906120002269745,0.40407970547676086,-0.23848655819892883,3.040545701980591,6.053626490558152,False,False,False,OK
./data/features_v3\test\UCF-Crime\Fighting\Fighting006_x264.npy,Fighting006_x264.npy,315,960,0.25876903533935547,0.4178888201713562,-0.24189560115337372,3.9494946002960205,6.154188713190427,False,False,False,OK
./data/features_v3\test\UCF-Crime\Fighting\Fighting007_x264.npy,Fighting007_x264.npy,1265,960,0.26277974247932434,0.465070903301239,-0.3612020015716553,5.392673015594482,6.096274903764473,False,False,False,OK
./data/features_v3\test\UCF-Crime\Fighting\Fighting008_x264.npy,Fighting008_x264.npy,4378,960,0.20826883614063263,0.39803647994995117,-0.30832165479660034,5.751713752746582,6.076867879511245,False,False,False,OK
./data/features_v3\test\UCF-Crime\Fighting\Fighting009_x264.npy,Fighting009_x264.npy,711,960,0.1843644082546234,0.4093528985977173,-0.30399397015571594,6.723686218261719,6.087459498292572,False,False,False,OK
./data/features_v3\test\UCF-Crime\Fighting\Fighting010_x264.npy,Fighting010_x264.npy,1955,960,0.1670999526977539,0.392154723405838,-0.31131866574287415,5.409256935119629,6.02972550180122,False,False,False,OK
./data/features_v3\test\UCF-Crime\Fighting\Fighting01_x264.npy,Fighting01_x264.npy,2747,960,0.1517089605331421,0.3734680712223053,-0.28882861137390137,4.978549480438232,6.012543190523578,False,False,False,OK
./data/features_v3\test\UCF-Crime\RoadAccidents\RoadAccidents001_x264.npy,RoadAccidents001_x264.npy,456,960,0.21950113773345947,0.4171566963195801,-0.26454073190689087,4.023020267486572,6.100357168399475,False,False,False,OK
./data/features_v3\test\UCF-Crime\RoadAccidents\RoadAccidents002_x264.npy,RoadAccidents002_x264.npy,116,960,0.19456487894058228,0.43441712856292725,-0.27182498574256897,4.971097946166992,6.004611516122382,False,False,False,OK
./data/features_v3\test\UCF-Crime\RoadAccidents\RoadAccidents003_x264.npy,RoadAccidents003_x264.npy,495,960,0.2560582160949707,0.4086426794528961,-0.2791253328323364,3.9760377407073975,6.154074251305696,False,False,False,OK
./data/features_v3\test\UCF-Crime\RoadAccidents\RoadAccidents004_x264.npy,RoadAccidents004_x264.npy,130,960,0.19000045955181122,0.4206463396549225,-0.254183828830719,4.130606651306152,5.95292484099425,False,False,False,OK
./data/features_v3\test\UCF-Crime\RoadAccidents\RoadAccidents005_x264.npy,RoadAccidents005_x264.npy,75,960,0.14569218456745148,0.414052814245224,-0.28086596727371216,3.850487232208252,6.043082961710931,False,False,False,OK
./data/features_v3\test\UCF-Crime\RoadAccidents\RoadAccidents006_x264.npy,RoadAccidents006_x264.npy,564,960,0.19294188916683197,0.3896404802799225,-0.2634109854698181,3.361264705657959,6.044592756902257,False,False,False,OK
./data/features_v3\test\UCF-Crime\RoadAccidents\RoadAccidents007_x264.npy,RoadAccidents007_x264.npy,367,960,0.14907002449035645,0.33656102418899536,-0.2302045077085495,3.9616217613220215,6.005818621872803,False,False,False,OK
./data/features_v3\test\UCF-Crime\RoadAccidents\RoadAccidents008_x264.npy,RoadAccidents008_x264.npy,443,960,0.1592460721731186,0.3456335663795471,-0.27184367179870605,4.266382217407227,6.013927100251931,False,False,False,OK
./data/features_v3\test\UCF-Crime\RoadAccidents\RoadAccidents009_x264.npy,RoadAccidents009_x264.npy,306,960,0.13934476673603058,0.34752562642097473,-0.2612529397010803,3.9668571949005127,6.040857499316099,False,False,False,OK
./data/features_v3\test\UCF-Crime\RoadAccidents\RoadAccidents010_x264.npy,RoadAccidents010_x264.npy,176,960,0.1861574947834015,0.3711105287075043,-0.26084503531455994,4.332876205444336,6.065652037767685,False,False,False,OK
./data/features_v3\test\UCF-Crime\Robbery\Robbery001_x264.npy,Robbery001_x264.npy,329,960,0.11404258757829666,0.36517906188964844,-0.26794397830963135,5.233221530914307,5.968509366832609,False,False,False,OK
./data/features_v3\test\UCF-Crime\Robbery\Robbery002_x264.npy,Robbery002_x264.npy,1068,960,0.22401554882526398,0.42987918853759766,-0.23215390741825104,3.740798234939575,6.016181123718279,False,False,False,OK
./data/features_v3\test\UCF-Crime\Robbery\Robbery003_x264.npy,Robbery003_x264.npy,328,960,0.17164310812950134,0.39222267270088196,-0.2564360499382019,5.273041248321533,6.020963716244394,False,False,False,OK
./data/features_v3\test\UCF-Crime\Robbery\Robbery004_x264.npy,Robbery004_x264.npy,510,960,0.1511547565460205,0.4078856110572815,-0.26510900259017944,5.345896244049072,5.85607712378261,False,False,False,OK
./data/features_v3\test\UCF-Crime\Robbery\Robbery005_x264.npy,Robbery005_x264.npy,920,960,0.194711372256279,0.40701305866241455,-0.338548868894577,6.0100321769714355,6.077126633989454,False,False,False,OK
./data/features_v3\test\UCF-Crime\Robbery\Robbery006_x264.npy,Robbery006_x264.npy,1133,960,0.1679883599281311,0.42688003182411194,-0.3335646688938141,4.399194717407227,5.904267584919103,False,False,False,OK
./data/features_v3\test\UCF-Crime\Robbery\Robbery007_x264.npy,Robbery007_x264.npy,688,960,0.2590152323246002,0.4620661437511444,-0.3613947927951813,4.7128119468688965,6.083740989005781,False,False,False,OK
./data/features_v3\test\UCF-Crime\Robbery\Robbery008_x264.npy,Robbery008_x264.npy,753,960,0.14068982005119324,0.3912941813468933,-0.32367613911628723,5.282170295715332,5.864479768555471,False,False,False,OK
./data/features_v3\test\UCF-Crime\Robbery\Robbery009_x264.npy,Robbery009_x264.npy,1068,960,0.28780385851860046,0.5243533849716187,-0.3167082369327545,6.400433540344238,6.045551063616391,False,False,False,OK
./data/features_v3\test\UCF-Crime\Robbery\Robbery010_x264.npy,Robbery010_x264.npy,1021,960,0.19584165513515472,0.4187432825565338,-0.2846637964248657,3.625358819961548,5.934441410396448,False,False,False,OK
./data/features_v3\test\UCF-Crime\Shooting\Shooting001_x264.npy,Shooting001_x264.npy,85,960,0.18972672522068024,0.37175896763801575,-0.3613679111003876,4.7017107009887695,6.1466189228035155,False,False,False,OK
./data/features_v3\test\UCF-Crime\Shooting\Shooting002_x264.npy,Shooting002_x264.npy,402,960,0.18691325187683105,0.4092601537704468,-0.27287429571151733,5.237186431884766,6.03610653306099,False,False,False,OK
./data/features_v3\test\UCF-Crime\Shooting\Shooting003_x264.npy,Shooting003_x264.npy,759,960,0.14148083329200745,0.38348937034606934,-0.36131665110588074,5.222484111785889,6.027286064987878,False,False,False,OK
./data/features_v3\test\UCF-Crime\Shooting\Shooting004_x264.npy,Shooting004_x264.npy,598,960,0.07721633464097977,0.294196754693985,-0.3614480793476105,4.713297367095947,6.157111412724316,False,False,False,OK
./data/features_v3\test\UCF-Crime\Shooting\Shooting005_x264.npy,Shooting005_x264.npy,1777,960,0.08858633041381836,0.3766390085220337,-0.36139798164367676,4.713867664337158,5.981868098849405,False,False,False,OK
./data/features_v3\test\UCF-Crime\Shooting\Shooting006_x264.npy,Shooting006_x264.npy,4358,960,0.2225286066532135,0.4278295636177063,-0.2739979028701782,4.213335990905762,6.055577853189597,False,False,False,OK
./data/features_v3\test\UCF-Crime\Shooting\Shooting007_x264.npy,Shooting007_x264.npy,477,960,0.18284256756305695,0.392488032579422,-0.2892455756664276,4.243712425231934,6.041904754690668,False,False,False,OK
./data/features_v3\test\UCF-Crime\Shooting\Shooting008_x264.npy,Shooting008_x264.npy,542,960,0.31182876229286194,0.49931856989860535,-0.25260230898857117,4.768250942230225,6.120681425960537,False,False,False,OK
./data/features_v3\test\UCF-Crime\Shooting\Shooting009_x264.npy,Shooting009_x264.npy,1722,960,0.24640630185604095,0.4477652609348297,-0.2486623227596283,4.938220024108887,6.037742199143652,False,False,False,OK
./data/features_v3\test\UCF-Crime\Shooting\Shooting010_x264.npy,Shooting010_x264.npy,881,960,0.17564718425273895,0.3798292875289917,-0.278325617313385,3.404151678085327,5.9874666660399996,False,False,False,OK
./data/features_v3\test\UCF-Crime\Shoplifting\Shoplifting001_x264.npy,Shoplifting001_x264.npy,1448,960,0.21522149443626404,0.4516861140727997,-0.27233025431632996,5.375528812408447,6.011873383973145,False,False,False,OK
./data/features_v3\test\UCF-Crime\Shoplifting\Shoplifting002_x264.npy,Shoplifting002_x264.npy,7811,960,0.2484118789434433,0.4561691880226135,-0.2944013178348541,5.70703125,6.045703749420896,False,False,False,OK
./data/features_v3\test\UCF-Crime\Shoplifting\Shoplifting003_x264.npy,Shoplifting003_x264.npy,3606,960,0.1930244266986847,0.4027760922908783,-0.3129875659942627,5.526395320892334,6.047064994450856,False,False,False,OK
./data/features_v3\test\UCF-Crime\Shoplifting\Shoplifting004_x264.npy,Shoplifting004_x264.npy,2225,960,0.1881422996520996,0.3729787766933441,-0.2769206166267395,4.298867225646973,6.052213977873195,False,False,False,OK
./data/features_v3\test\UCF-Crime\Shoplifting\Shoplifting005_x264.npy,Shoplifting005_x264.npy,656,960,0.22355182468891144,0.43157562613487244,-0.2694112956523895,4.750330924987793,6.069485124620558,False,False,False,OK
./data/features_v3\test\UCF-Crime\Shoplifting\Shoplifting006_x264.npy,Shoplifting006_x264.npy,1052,960,0.29034554958343506,0.43293026089668274,-0.26672667264938354,4.184538841247559,6.20256371356692,False,False,False,OK
./data/features_v3\test\UCF-Crime\Shoplifting\Shoplifting007_x264.npy,Shoplifting007_x264.npy,1708,960,0.16128744184970856,0.36715009808540344,-0.25971487164497375,4.866318702697754,6.081613428854915,False,False,False,OK
./data/features_v3\test\UCF-Crime\Shoplifting\Shoplifting008_x264.npy,Shoplifting008_x264.npy,2976,960,0.1947796493768692,0.40501144528388977,-0.26841774582862854,4.786224842071533,5.956585381666921,False,False,False,OK
./data/features_v3\test\UCF-Crime\Shoplifting\Shoplifting009_x264.npy,Shoplifting009_x264.npy,1734,960,0.24517817795276642,0.4366963803768158,-0.29267993569374084,4.831153869628906,6.072314939082466,False,False,False,OK
./data/features_v3\test\UCF-Crime\Shoplifting\Shoplifting010_x264.npy,Shoplifting010_x264.npy,912,960,0.1253836303949356,0.33349961042404175,-0.3393775522708893,3.9316611289978027,5.945285500481689,False,False,False,OK
./data/features_v3\test\UCF-Crime\Stealing\Stealing001_x264.npy,Stealing001_x264.npy,1239,960,0.20207223296165466,0.39413005113601685,-0.29916951060295105,4.340648651123047,6.10129412386347,False,False,False,OK
./data/features_v3\test\UCF-Crime\Stealing\Stealing002_x264.npy,Stealing002_x264.npy,1173,960,0.1600409895181656,0.3955693244934082,-0.27640897035598755,4.352818965911865,5.917930879441406,False,False,False,OK
./data/features_v3\test\UCF-Crime\Stealing\Stealing003_x264.npy,Stealing003_x264.npy,1192,960,0.17051063477993011,0.40495413541793823,-0.2881442606449127,4.665243148803711,5.93127083419438,False,False,False,OK
./data/features_v3\test\UCF-Crime\Stealing\Stealing004_x264.npy,Stealing004_x264.npy,2218,960,0.2258012294769287,0.39632144570350647,-0.26113730669021606,4.307072162628174,6.086225827865222,False,False,False,OK
./data/features_v3\test\UCF-Crime\Stealing\Stealing005_x264.npy,Stealing005_x264.npy,905,960,0.22452473640441895,0.421400249004364,-0.26384276151657104,3.6916604042053223,6.108934945611527,False,False,False,OK
./data/features_v3\test\UCF-Crime\Stealing\Stealing006_x264.npy,Stealing006_x264.npy,1075,960,0.20275993645191193,0.384244829416275,-0.22836309671401978,5.183047294616699,6.028237340015454,False,False,False,OK
./data/features_v3\test\UCF-Crime\Stealing\Stealing007_x264.npy,Stealing007_x264.npy,1030,960,0.1767173856496811,0.38486042618751526,-0.32375749945640564,4.672731399536133,6.030429572761124,False,False,False,OK
./data/features_v3\test\UCF-Crime\Stealing\Stealing008_x264.npy,Stealing008_x264.npy,1670,960,0.13096313178539276,0.36349865794181824,-0.27872470021247864,6.261122226715088,6.049919563347925,False,False,False,OK
./data/features_v3\test\UCF-Crime\Stealing\Stealing009_x264.npy,Stealing009_x264.npy,538,960,0.18124935030937195,0.3572108745574951,-0.2728463411331177,3.9322659969329834,6.0486574817710235,False,False,False,OK
./data/features_v3\test\UCF-Crime\Stealing\Stealing010_x264.npy,Stealing010_x264.npy,1011,960,0.17195291817188263,0.3838772177696228,-0.27910923957824707,4.9190168380737305,5.942867604778418,False,False,False,OK
./data/features_v3\test\UCF-Crime\Vandalism\Vandalism001_x264.npy,Vandalism001_x264.npy,478,960,0.1880928874015808,0.37971317768096924,-0.2858457863330841,4.151111125946045,6.150950846634924,False,False,False,OK
./data/features_v3\test\UCF-Crime\Vandalism\Vandalism002_x264.npy,Vandalism002_x264.npy,614,960,0.19338825345039368,0.42961087822914124,-0.26373302936553955,4.3254876136779785,6.095438253383078,False,False,False,OK
./data/features_v3\test\UCF-Crime\Vandalism\Vandalism003_x264.npy,Vandalism003_x264.npy,490,960,0.1893029659986496,0.36827465891838074,-0.28364983201026917,4.175651550292969,6.109460651472395,False,False,False,OK
./data/features_v3\test\UCF-Crime\Vandalism\Vandalism004_x264.npy,Vandalism004_x264.npy,940,960,0.16996614634990692,0.39349648356437683,-0.27606189250946045,4.412755966186523,6.032545976911843,False,False,False,OK
./data/features_v3\test\UCF-Crime\Vandalism\Vandalism005_x264.npy,Vandalism005_x264.npy,542,960,0.18970337510108948,0.3960924744606018,-0.26071596145629883,3.650923013687134,6.093704777078112,False,False,False,OK
./data/features_v3\test\UCF-Crime\Vandalism\Vandalism006_x264.npy,Vandalism006_x264.npy,271,960,0.2407664954662323,0.44083255529403687,-0.23748283088207245,3.709260940551758,6.105511128516268,False,False,False,OK
./data/features_v3\test\UCF-Crime\Vandalism\Vandalism007_x264.npy,Vandalism007_x264.npy,382,960,0.1506979614496231,0.37295156717300415,-0.28448933362960815,3.792135715484619,6.0984268305830795,False,False,False,OK
./data/features_v3\test\UCF-Crime\Vandalism\Vandalism008_x264.npy,Vandalism008_x264.npy,4197,960,0.17589332163333893,0.38045287132263184,-0.2750273644924164,5.629706382751465,5.980690605914856,False,False,False,OK
./data/features_v3\test\UCF-Crime\Vandalism\Vandalism009_x264.npy,Vandalism009_x264.npy,443,960,0.09087511152029037,0.399919331073761,-0.3621033728122711,4.917989253997803,6.01484940913276,False,False,False,OK
./data/features_v3\test\UCF-Crime\Vandalism\Vandalism010_x264.npy,Vandalism010_x264.npy,1315,960,0.1801336109638214,0.4190327525138855,-0.35127490758895874,6.313075065612793,6.100976938451061,False,False,False,OK
./data/features_v3\train\Normal_Videos_015_x264.npy,Normal_Videos_015_x264.npy,160,960,0.23453712463378906,0.4047183394432068,-0.24785637855529785,3.5790088176727295,6.154697332760336,False,False,False,OK
./data/features_v3\train\Normal_Videos_050_x264.npy,Normal_Videos_050_x264.npy,1400,960,0.12081894278526306,0.3764302730560303,-0.30009782314300537,5.266086101531982,5.883211772385018,False,False,False,OK
./data/features_v3\train\Normal_Videos_100_x264.npy,Normal_Videos_100_x264.npy,209,960,0.21667568385601044,0.4308214783668518,-0.22502027451992035,4.355433464050293,6.04154881688448,False,False,False,OK
./data/features_v3\train\Normal_Videos_129_x264.npy,Normal_Videos_129_x264.npy,156,960,0.18357810378074646,0.4214848577976227,-0.22092700004577637,5.09088659286499,6.049756555863965,False,False,False,OK
./data/features_v3\train\Normal_Videos_150_x264.npy,Normal_Videos_150_x264.npy,288,960,0.17069107294082642,0.42292115092277527,-0.2042810022830963,6.033492565155029,5.935380989560561,False,False,False,OK
./data/features_v3\train\Normal_Videos_246_x264.npy,Normal_Videos_246_x264.npy,1665,960,0.25654178857803345,0.46170684695243835,-0.25688841938972473,4.046121597290039,6.083328274865104,False,False,False,OK
./data/features_v3\train\Normal_Videos_247_x264.npy,Normal_Videos_247_x264.npy,2737,960,0.19257935881614685,0.43026790022850037,-0.2275148332118988,4.488158702850342,5.990654704766172,False,False,False,OK
./data/features_v3\train\Normal_Videos_248_x264.npy,Normal_Videos_248_x264.npy,380,960,0.2264072149991989,0.42477288842201233,-0.24798144400119781,3.762301445007324,6.069812275152531,False,False,False,OK
./data/features_v3\train\Normal_Videos_251_x264.npy,Normal_Videos_251_x264.npy,135,960,0.2374548614025116,0.38033750653266907,-0.23929134011268616,3.952080488204956,6.14618570780777,False,False,False,OK
./data/features_v3\train\Normal_Videos_289_x264.npy,Normal_Videos_289_x264.npy,288,960,0.21858657896518707,0.4706476926803589,-0.2583900988101959,5.613678455352783,5.91119370028861,False,False,False,OK
./data/features_v3\train\Normal_Videos_310_x264.npy,Normal_Videos_310_x264.npy,840,960,0.18283627927303314,0.4291832745075226,-0.22713322937488556,5.049774646759033,6.008792668777038,False,False,False,OK
./data/features_v3\train\Normal_Videos_312_x264.npy,Normal_Videos_312_x264.npy,421,960,0.11035830527544022,0.37171193957328796,-0.26722538471221924,6.65274715423584,5.879475226951063,False,False,False,OK
./data/features_v3\train\Normal_Videos_317_x264.npy,Normal_Videos_317_x264.npy,310,960,0.1802826076745987,0.39222246408462524,-0.19696034491062164,4.307214260101318,5.974818722301061,False,False,False,OK
./data/features_v3\train\Normal_Videos_345_x264.npy,Normal_Videos_345_x264.npy,70,960,0.18519172072410583,0.39127177000045776,-0.2163202464580536,3.569301128387451,6.072032160817647,False,False,False,OK
./data/features_v3\train\Normal_Videos_352_x264.npy,Normal_Videos_352_x264.npy,1801,960,0.1767260730266571,0.40503934025764465,-0.24734333157539368,4.0885515213012695,6.012275111165321,False,False,False,OK
./data/features_v3\train\Normal_Videos_360_x264.npy,Normal_Videos_360_x264.npy,328,960,0.17090852558612823,0.3751148283481598,-0.2186945080757141,4.183830738067627,5.987960816927821,False,False,False,OK
./data/features_v3\train\Normal_Videos_365_x264.npy,Normal_Videos_365_x264.npy,2209,960,0.22219757735729218,0.4574795365333557,-0.24644166231155396,4.52609920501709,5.969923774633576,False,False,False,OK
./data/features_v3\train\Normal_Videos_401_x264.npy,Normal_Videos_401_x264.npy,542,960,0.19880743324756622,0.408983439207077,-0.2486608326435089,4.859521865844727,6.064646121758714,False,False,False,OK
./data/features_v3\train\Normal_Videos_417_x264.npy,Normal_Videos_417_x264.npy,359,960,0.20068451762199402,0.3936237692832947,-0.20088782906532288,4.674008369445801,5.937641138686559,False,False,False,OK
./data/features_v3\train\Normal_Videos_439_x264.npy,Normal_Videos_439_x264.npy,1409,960,0.11169858276844025,0.38953784108161926,-0.2957583963871002,7.338372707366943,5.847158162690595,False,False,False,OK
./data/features_v3\train\Normal_Videos_452_x264.npy,Normal_Videos_452_x264.npy,148,960,0.20345701277256012,0.42442816495895386,-0.24795977771282196,4.946648597717285,6.016991283250709,False,False,False,OK
./data/features_v3\train\Normal_Videos_453_x264.npy,Normal_Videos_453_x264.npy,1774,960,0.25481483340263367,0.468436598777771,-0.27012181282043457,4.374874114990234,6.0146423762547325,False,False,False,OK
./data/features_v3\train\Normal_Videos_478_x264.npy,Normal_Videos_478_x264.npy,1501,960,0.19001121819019318,0.41001656651496887,-0.3612020015716553,5.277039051055908,5.983089882495712,False,False,False,OK
./data/features_v3\train\Normal_Videos_576_x264.npy,Normal_Videos_576_x264.npy,3759,960,0.11610107123851776,0.35680148005485535,-0.2573336362838745,5.7563300132751465,5.976426218095903,False,False,False,OK
./data/features_v3\train\Normal_Videos_597_x264.npy,Normal_Videos_597_x264.npy,743,960,0.21126949787139893,0.415465772151947,-0.2386292666196823,4.186347007751465,6.042980570380742,False,False,False,OK
./data/features_v3\train\Normal_Videos_603_x264.npy,Normal_Videos_603_x264.npy,1093,960,0.1697801798582077,0.38435110449790955,-0.2398734986782074,3.636110782623291,6.023256431400814,False,False,False,OK
./data/features_v3\train\Normal_Videos_606_x264.npy,Normal_Videos_606_x264.npy,411,960,0.16029682755470276,0.3586445748806,-0.25485482811927795,4.226585388183594,6.043041682064806,False,False,False,OK
./data/features_v3\train\Normal_Videos_621_x264.npy,Normal_Videos_621_x264.npy,1601,960,0.15541492402553558,0.3640695810317993,-0.23780350387096405,5.008641719818115,6.070736201507158,False,False,False,OK
./data/features_v3\train\Normal_Videos_634_x264.npy,Normal_Videos_634_x264.npy,4487,960,0.21224446594715118,0.4590958058834076,-0.21957574784755707,4.169987678527832,5.983164228604161,False,False,False,OK
./data/features_v3\train\Normal_Videos_641_x264.npy,Normal_Videos_641_x264.npy,1200,960,0.11056620627641678,0.35579100251197815,-0.24438180029392242,4.553567886352539,5.939346943297496,False,False,False,OK
./data/features_v3\train\Normal_Videos_656_x264.npy,Normal_Videos_656_x264.npy,605,960,0.14109595119953156,0.35154229402542114,-0.2020392268896103,3.182337522506714,6.018201822945564,False,False,False,OK
./data/features_v3\train\Normal_Videos_696_x264.npy,Normal_Videos_696_x264.npy,1209,960,0.12878736853599548,0.34696662425994873,-0.276950478553772,5.213750839233398,5.991659070898606,False,False,False,OK
./data/features_v3\train\Normal_Videos_704_x264.npy,Normal_Videos_704_x264.npy,565,960,0.26024317741394043,0.43762990832328796,-0.21197693049907684,4.238030433654785,6.077322704635706,False,False,False,OK
./data/features_v3\train\Normal_Videos_722_x264.npy,Normal_Videos_722_x264.npy,2911,960,0.20941954851150513,0.48607900738716125,-0.3134358823299408,5.471512794494629,5.8551030621055435,False,False,False,OK
./data/features_v3\train\Normal_Videos_745_x264.npy,Normal_Videos_745_x264.npy,102,960,0.2630510926246643,0.47987139225006104,-0.27088162302970886,5.834357261657715,6.00616945704404,False,False,False,OK
./data/features_v3\train\Normal_Videos_758_x264.npy,Normal_Videos_758_x264.npy,530,960,0.2925046980381012,0.4770892262458801,-0.22999142110347748,6.384178161621094,6.088089409000001,False,False,False,OK
./data/features_v3\train\Normal_Videos_781_x264.npy,Normal_Videos_781_x264.npy,1325,960,0.15174651145935059,0.3772139251232147,-0.25558793544769287,4.75095796585083,5.973074749265842,False,False,False,OK
./data/features_v3\train\Normal_Videos_798_x264.npy,Normal_Videos_798_x264.npy,2001,960,0.12218739837408066,0.3429001569747925,-0.2798028588294983,5.454071521759033,5.958964783633151,False,False,False,OK
./data/features_v3\train\Normal_Videos_801_x264.npy,Normal_Videos_801_x264.npy,915,960,0.25425082445144653,0.4553711414337158,-0.2277306318283081,4.65317440032959,6.06802623309087,False,False,False,OK
./data/features_v3\train\Normal_Videos_828_x264.npy,Normal_Videos_828_x264.npy,310,960,0.2037031203508377,0.43465206027030945,-0.2553445100784302,5.5860090255737305,5.957917220865186,False,False,False,OK
./data/features_v3\train\Normal_Videos_831_x264.npy,Normal_Videos_831_x264.npy,150,960,0.09378954768180847,0.3144126534461975,-0.256902277469635,4.511844635009766,6.038755454088223,False,False,False,OK
./data/features_v3\train\Normal_Videos_877_x264.npy,Normal_Videos_877_x264.npy,3342,960,0.09897175431251526,0.321347713470459,-0.24936111271381378,4.231454849243164,5.94939440276536,False,False,False,OK
./data/features_v3\train\Normal_Videos_881_x264.npy,Normal_Videos_881_x264.npy,75,960,0.13854725658893585,0.40422096848487854,-0.267194539308548,4.402143478393555,6.031997499796888,False,False,False,OK
./data/features_v3\train\Normal_Videos_885_x264.npy,Normal_Videos_885_x264.npy,158,960,0.21369817852973938,0.41691452264785767,-0.23533622920513153,3.171515703201294,6.088006208966325,False,False,False,OK
./data/features_v3\train\Normal_Videos_892_x264.npy,Normal_Videos_892_x264.npy,590,960,0.23978371918201447,0.41644999384880066,-0.24691005051136017,3.7551279067993164,6.13551846561239,False,False,False,OK
./data/features_v3\train\Normal_Videos_905_x264.npy,Normal_Videos_905_x264.npy,399,960,0.1325657218694687,0.3950148820877075,-0.25367262959480286,5.184628963470459,5.99775627027623,False,False,False,OK
./data/features_v3\train\Normal_Videos_912_x264.npy,Normal_Videos_912_x264.npy,249,960,0.11448623985052109,0.3276021480560303,-0.24216701090335846,4.9932355880737305,6.078303141618919,False,False,False,OK
./data/features_v3\train\Normal_Videos_913_x264.npy,Normal_Videos_913_x264.npy,203,960,0.09441918879747391,0.3382457494735718,-0.2561624050140381,4.848259449005127,5.953930296691255,False,False,False,OK
./data/features_v3\train\Normal_Videos_914_x264.npy,Normal_Videos_914_x264.npy,294,960,0.10520508140325546,0.384980708360672,-0.2675700783729553,5.699872016906738,5.973273193638767,False,False,False,OK
./data/features_v3\train\Normal_Videos_929_x264.npy,Normal_Videos_929_x264.npy,308,960,0.21352431178092957,0.4195307791233063,-0.23933997750282288,4.3043951988220215,6.079589384364039,False,False,False,OK
